real,shuffled
1.5707963267948966,0.1809864512465477
1.4292568534704693,0.17082966912910452
1.3704614844717768,0.23207768286271319
1.5707963267948966,0.2630222029084689
1.4292568534704693,0.19116214653105962
1.5707963267948966,0.2013579207903308
1.5707963267948966,0.2013579207903308
1.5707963267948966,0.2013579207903308
1.5707963267948966,0.2013579207903308
1.5707963267948966,0.2013579207903308
