n_samples,acc
140,0.47058823529411764
140,0.3411764705882353
140,0.3941176470588235
140,0.4
140,0.3764705882352941
140,0.4235294117647059
140,0.42058823529411765
140,0.4441176470588235
