n_samples,acc
140,0.5558823529411765
140,0.5647058823529412
140,0.5735294117647058
140,0.5617647058823529
140,0.5852941176470589
140,0.5794117647058824
140,0.611764705882353
140,0.5823529411764706
