group,job_type,run_name,test_accuracy,train_acc,valid_acc,valid_loss,best_valid_epoch,best_valid_accuracy,test_loss,train_loss
first-steps-motor,CV-7folds,fold-06,0.99,1.0,0.95,0.39931790541667395,22,0.95,0.019746826377411257,1.8021172756128575e-05
first-steps-motor,CV-7folds,fold-05,1.0,1.0,0.98,0.21617977819342968,33,0.95,0.006580672081070133,0.000940185989751908
first-steps-motor,CV-7folds,fold-04,1.0,1.0,0.98,0.14607344518880866,41,0.98,0.001122704667811618,0.0006599600086826859
first-steps-motor,CV-7folds,fold-03,1.0,1.0,1.0,1.3005316750991368e-06,59,1.0,2.8858024875262342e-05,0.00031229045418103377
first-steps-motor,CV-7folds,fold-02,1.0,1.0,0.97,0.08425770647277836,54,1.0,0.0038119298118974142,0.0008017354564318898
first-steps-motor,CV-7folds,fold-01,1.0,0.9983333333333332,0.97,0.22403077236416655,52,1.0,0.00026735805278804036,0.01166321916928343
first-steps-motor,CV-7folds,fold-00,1.0,1.0,0.97,0.12220059309473974,48,0.98,0.000596332519835201,0.0005505015442760097
