svm,cnn_vol,cnn_t
0.7375,0.71875,0.63125
0.825,0.8125,0.6375
0.65,0.80625,0.6125
0.7875,0.75625,0.6
0.675,0.76875,0.65
0.86875,0.8875,0.64375
0.775,0.65625,0.63125
0.8,0.74375,0.64375
0.775,0.75625,0.63125
0.64375,0.66875,0.63125
0.73125,0.8125,0.69375
0.75,0.7375,0.61875
0.8375,0.74375,0.625
0.7125,0.85,0.66875
0.76875,0.7,0.6375
0.8375,0.78125,0.6125
0.90625,0.80625,0.63125
0.81875,0.85625,0.61875
0.94375,0.8375,0.63125
0.88125,0.79375,0.625
