n_samples,acc,condition
160,0.7791666666666667,motor-w-rest
160,0.79,motor-wo-rest
160,0.705,wm-w-rest
160,0.64375,wm-wo-rest
160,0.85,relation-w-rest
160,0.7375,relation-wo-rest
160,0.8166666666666667,social-w-rest
160,0.725,social-wo-rest
160,0.5970588235294118,multi-w-rest
160,0.6346153846153846,multi-wo-rest
